<?xml version="1.0" encoding="UTF-8"?>
<jcr:root xmlns:cq="http://www.day.com/jcr/cq/1.0" xmlns:jcr="http://www.jcp.org/jcr/1.0" xmlns:nt="http://www.jcp.org/jcr/nt/1.0"
    jcr:primaryType="cq:Dialog"
    xtype="dialog">
    <items
        jcr:primaryType="cq:Widget"
        xtype="tabpanel">
        <items jcr:primaryType="cq:WidgetCollection">
            <tab1
                jcr:primaryType="cq:Panel"
                title="Tab 1">
                <items jcr:primaryType="cq:WidgetCollection">
                	<image1
                        jcr:primaryType="cq:Widget"
                        fieldLabel="imagepath"
                        name="./image1"
                        xtype="pathfield"/>
                    <image2
                        jcr:primaryType="cq:Widget"
                        fieldLabel="imagepath"
                        name="./image2"
                        xtype="pathfield"/>
                    <heading
                        jcr:primaryType="cq:Widget"
                        fieldLabel="heading"
                        name="./head"
                        xtype="textfield"/>
                    <text
                        jcr:primaryType="cq:Widget"
                        fieldLabel="rich text area"
                        name="./text"
                        xtype="richtext">
                        <rtePlugins jcr:primaryType="nt:unstructured">
                            <edit
                                jcr:primaryType="nt:unstructured"
                                features="* (asterisk)"/>
                        </rtePlugins>
                    </text>
                </items>
            </tab1>
        </items>
    </items>
</jcr:root>
