<?xml version="1.0" encoding="UTF-8"?>
<jcr:root xmlns:cq="http://www.day.com/jcr/cq/1.0" xmlns:jcr="http://www.jcp.org/jcr/1.0" xmlns:nt="http://www.jcp.org/jcr/nt/1.0"
    jcr:primaryType="cq:Dialog"
    activeTab="0"
    title="ACL Packager Configuration"
    xtype="tabpanel">
    <items jcr:primaryType="cq:WidgetCollection">
        <tab1
            jcr:primaryType="cq:Widget"
            title="ACL Packager Configuration"
            xtype="panel">
            <items jcr:primaryType="cq:WidgetCollection">
                <package-name
                    jcr:primaryType="cq:Widget"
                    defaultValue="acls"
                    fieldDescription="Name of the package to created. [ Default: acls ]"
                    fieldLabel="Package name"
                    name="./packageName"
                    xtype="textfield"/>
                <package-group-name
                    jcr:primaryType="cq:Widget"
                    defaultValue="ACLs"
                    fieldDescription="Package group to assign this package to. [ Default: ACLs ]"
                    fieldLabel="Package group name"
                    name="./packageGroupName"
                    xtype="textfield"/>
                <package-version
                    jcr:primaryType="cq:Widget"
                    defaultValue="1.0.0"
                    fieldDescription="Package version to assign this package. This value is ignored is Conflict Resolution is set to IncrementValue. [ Default: 1.0.0 ]"
                    fieldLabel="Package version"
                    name="./packageVersion"
                    xtype="textfield"/>
                <package-description
                    jcr:primaryType="cq:Widget"
                    defaultValue="ACL Package initially defined by a ACS AEM Commons - ACL Packager configuration."
                    fieldDescription="Package description. Enter the purpose and scope of this package for future reference."
                    fieldLabel="Package description"
                    name="./packageDescription"
                    xtype="textarea"/>
                <package-acl-handling
                    jcr:primaryType="cq:Widget"
                    defaultValue="Overwrite"
                    fieldDescription="Dictates how package's ACLs will be installed on target systems. [ Default: Overwrite ]"
                    fieldLabel="Package ACL handling"
                    name="./packageACLHandling"
                    type="select"
                    xtype="selection">
                    <options jcr:primaryType="cq:WidgetCollection">
                        <overwrite
                            jcr:primaryType="nt:unstructured"
                            text="Overwrite"
                            value="Overwrite"/>
                        <merge
                            jcr:primaryType="nt:unstructured"
                            text="Merge"
                            value="Merge"/>
                        <mergePreserve
                            jcr:primaryType="nt:unstructured"
                            text="MergePreserve"
                            value="MergePreserve"/>
                    </options>
                </package-acl-handling>
                <conflict-resolution
                    jcr:primaryType="cq:Widget"
                    defaultValue="IncrementVersion"
                    fieldDescription="Determines how package creation will be handled in the event of an existing package of the same Package group, name and version. [ Default: IncrementVersion ]"
                    fieldLabel="Conflict resolution"
                    name="./conflictResolution"
                    type="select"
                    xtype="selection">
                    <options jcr:primaryType="cq:WidgetCollection">
                        <replace
                            jcr:primaryType="nt:unstructured"
                            text="Replace"
                            value="Replace"/>
                        <increment-version
                            jcr:primaryType="nt:unstructured"
                            text="Increment Version"
                            value="IncrementVersion"/>
                        <none
                            jcr:primaryType="nt:unstructured"
                            text="None"
                            value="None"/>
                    </options>
                </conflict-resolution>
                <principal-names
                    jcr:primaryType="cq:Widget"
                    fieldDescription="Click the '+' to add a new principal. Only ACLs that include ACEs for these principals will be included.&lt;br/>Remove all entries for all principals."
                    fieldLabel="Principal names"
                    name="./principalNames"
                    xtype="multifield">
                    <fieldConfig
                        jcr:primaryType="cq:Widget"
                        allowBlank="{Boolean}false"
                        displayField="principal"
                        xtype="authselection"/>
                </principal-names>
                <include-patterns
                    jcr:primaryType="cq:Widget"
                    defaultValue="[/content/.*,/etc/.*]"
                    fieldDescription="Click the '+' to add a new include pattern. Only paths that match an include pattern will be included.&lt;br/>Remove all entries for all paths."
                    fieldLabel="Include patterns"
                    name="./includePatterns"
                    xtype="multifield">
                    <fieldConfig
                        jcr:primaryType="cq:Widget"
                        xtype="textfield"/>
                </include-patterns>
                <include-principals
                    jcr:primaryType="cq:Widget"
                    defaultValue="false"
                    fieldDescription="Include the principal nodes specified above in the package. [ Default: false ]"
                    fieldLabel="Include principals"
                    inputValue="true"
                    name="./includePrincipals"
                    type="checkbox"
                    xtype="selection"/>
                <include-acl-packager-configuration
                    jcr:primaryType="cq:Widget"
                    defaultValue="false"
                    fieldDescription="Include this page as part of the package. [ Default: false ]"
                    fieldLabel="Include ACL Packager"
                    inputValue="true"
                    name="./includeConfiguration"
                    type="checkbox"
                    xtype="selection"/>
            </items>
        </tab1>
    </items>
</jcr:root>
