<?xml version="1.0" encoding="UTF-8"?>
<jcr:root xmlns:cq="http://www.day.com/jcr/cq/1.0" xmlns:jcr="http://www.jcp.org/jcr/1.0"
    jcr:primaryType="cq:Dialog"
    xtype="dialog">
    <items
        jcr:primaryType="cq:Widget"
        xtype="tabpanel">
        <items jcr:primaryType="cq:WidgetCollection">
            
            <tab2
                jcr:primaryType="cq:Panel"
                title="Tab 2">
                <items jcr:primaryType="cq:WidgetCollection">
                    
                    <description
                        jcr:primaryType="cq:Widget"
                        fieldLabel="description"
                        name="./description"
                        xtype="textarea"/>
                    <image
                        jcr:primaryType="cq:Widget"
                        fieldLabel="imagepath"
                        name="./image"
                        xtype="pathfield"/>
                </items>
            </tab2>
            <tab3
                jcr:primaryType="cq:Panel"
                title="Tab 3">
                <items jcr:primaryType="cq:WidgetCollection">
                    <pageheading
                        jcr:primaryType="cq:Widget"
                        fieldLabel="pageheading"
                        name="./pageheading"
                        xtype="textfield"/>     
                    <p
                        jcr:primaryType="cq:Widget"
                        fieldLabel="p"
                        name="./p"
                        xtype="textarea"/>
                    <description
                        jcr:primaryType="cq:Widget"
                        fieldLabel="description"
                        name="./description"
                        xtype="textarea"/>
                    <image
                        jcr:primaryType="cq:Widget"
                        fieldLabel="imagepath"
                        name="./image"
                        xtype="pathfield"/>
                </items>
            </tab3> 
         <tab4
                jcr:primaryType="cq:Panel"
                title="Tab 4">
                <items jcr:primaryType="cq:WidgetCollection">
                    <header
                        jcr:primaryType="cq:Widget"
                        fieldLabel="header"
                        name="./header"
                        xtype="textfield"/>    
                </items>
            </tab4>
        </items>
    </items>
</jcr:root>
